<?xml version="1.0" encoding="UTF-8"?>
<project-private xmlns="http://www.netbeans.org/ns/project-private/1">
    <editor-bookmarks xmlns="http://www.netbeans.org/ns/editor-bookmarks/2" lastBookmarkId="0"/>
    <open-files xmlns="http://www.netbeans.org/ns/projectui-open-files/2">
        <group>
            <file>file:/C:/Users/Christy/Desktop/UNI/Sussex/3rd%20Year/Visual%20NFA%20Builder%20And%20Simulator/Nondeterministic-Finite-Automaton/New%20Folder/NDFAutomaton/src/automaton/NDFAGraph.java</file>
            <file>file:/C:/Users/Christy/Desktop/UNI/Sussex/3rd%20Year/Visual%20NFA%20Builder%20And%20Simulator/Nondeterministic-Finite-Automaton/New%20Folder/NDFAutomaton/src/automaton/NDFAutomaton.java</file>
        </group>
    </open-files>
</project-private>
